id,name
15408928222192,Product 5
15408928222193,Product 6
15408928222194,Product 7
1540894649441,Product 5
1540894653474,Product 6
1540894657590,Product 7
1540894662105,Product 9
1540894666274,Product 10
1540894669521,Product 11
1540894691395,Product 13
1540955785656,Product 14
1540955841624,Product 15
1540955845638,Product 16
1540955849213,Product 17
1540955852820,Product 18
1540955856070,Product 19
1540955865838,Product 20
1540955869020,Product 21
1540955871902,Product 22
1540955874789,Product 23
1540955877643,Product 24
1540955880525,Product 25
1540955883556,Product 26
1540955886701,Product 27
1540955890024,Product 28
1540955893189,Product 29
1540980730545,Product 30